Sentiment,AvgLikes,AvgRetweets
Negative,83.09375,22.46875
Neutral,75.8529411764706,20.823529411764707
Positive,73.20588235294117,25.558823529411764
