AgeGroup,AvgLikes,AvgRetweets
Adult,89.72727272727273,22.90909090909091
Teen,82.23529411764706,22.019607843137255
Senior,67.0,24.236842105263158
